"rho","rmse"
0.999947932665611,0.0306704988075745
