"rho","rmse"
0.9975379555667,0.206648287162394
